,제목,가격,리뷰수,리뷰평점,평점비율
0,"*mazon Basics 3-Shelf Adjustable, Heavy Duty Storage Shelving Unit (250 lbs loading capacity per shelf), Steel Organizer Wire Rack, Chrome (23.3L x 13.4W x 30H)",$37.87,"15,525",4.6,"['78%', '13%', '5%', '2%', '3%']"
1,*USELILY Women's Summer Waffle Knit Short Sleeve Tunic Tops V Neck Henley Loose Blouses Shirts,$22.99,251,4,"['53%', '18%', '14%', '7%', '7%']"
2,*ecome a Bestseller on Amazon.com; Vendor Central and Seller Central FBA Sales Strategy for Beginner to Intermediate Sellers,Out of Stock,371,4.2,"['59%', '16%', '12%', '7%', '6%']"
3,*he Underground Railroad (Pulitzer Prize Winner) (National Book Award Winner) (Oprah's Book Club): A Novel,$10.71,"14,602",4.5,"['69%', '18%', '8%', '3%', '3%']"
4,*he Power of Your Subconscious Mind,$2.19,"35,110",4.6,"['79%', '11%', '5%', '2%', '2%']"
5,*he Scarlet Letter (E-Bookarama Classics),$0.46,"6,255",4.5,"['74%', '12%', '6%', '2%', '5%']"
6,*ulu Candles | Pineapple Evergreen | Luxury Scented Soy Jar Candle | Hand Poured in The USA | Highly Scented & Long Lasting | 9 Oz. NO LID/NO Box,Out of Stock,"27,757",4.5,"['75%', '12%', '6%', '3%', '4%']"
7,*edsure Satin Pillowcase for Hair and Skin Queen - Dark Grey Silk Pillowcase 2 Pack 20x30 inches - Satin Pillow Cases Set of 2 with Envelope Closure,$8.99,"179,911",4.5,"['73%', '15%', '7%', '2%', '3%']"
8,"*Tech Sit-to-Stand Learning Walker (Frustration Free Packaging), Lavender (Amazon Exclusive)",$37.99,"55,395",4.8,"['88%', '8%', '2%', '1%', '1%']"
9,*mazon Essentials Women's Classic-Fit Long Sleeve Button Down Poplin Shirt,$18.05 - $22.40,"5,484",4.3,"['63%', '18%', '10%', '4%', '5%']"
10,"*mazon Brand - Presto! Flex-a-Size Paper Towels, Huge Roll, 12 Count = 30 Regular Rolls",$24.29,"63,454",4.7,"['81%', '12%', '5%', '1%', '1%']"
11,"*enture Pal Large 1 Gallon Motivational Water Bottle with 2 Lids (Chug and Straw), Leakproof BPA Free Tritan Sports Water Jug with Time Marker to Ensure You Drink Enough Water Throughout The Day",$21.99,"14,187",4.7,"['84%', '9%', '4%', '1%', '2%']"
12,"*oyager Step-in Plush Dog Harness - Soft Plush, Step in Vest Harness for Small and Medium Dogs by Best Pet Supplies",$12.89,128,4.1,"['60%', '13%', '12%', '7%', '8%']"
13,"*avmix 100% Silk Pillowcase for Hair and Skin with Hidden Zipper, Both Sides 21Momme Mulberry Silk, 1PCS, King Size 20×36inches, Beige",$31.99,"24,564",4.6,"['76%', '14%', '6%', '2%', '3%']"
14,"*zeri ZK14-AB Pronto Digital Multifunction Kitchen and Food Scale, Standard, Silver On Black",$10.27,"66,193",4.7,"['81%', '12%', '4%', '1%', '2%']"
15,*EEF Men's Fanning Flip-Flop,$35.42 - $89.25,"28,649",4.7,"['82%', '10%', '4%', '2%', '2%']"
16,"*cer Aspire 5 A515-46-R14K Slim Laptop | 15.6"" Full HD IPS | AMD Ryzen 3 3350U Quad-Core Mobile Processor | 4GB DDR4 | 128GB NVMe SSD | WiFi 6 | Backlit KB | Amazon Alexa | Windows 10 Home (S Mode)",$384.00,46,4.2,"['65%', '15%', '7%', '5%', '8%']"
17,"*aby Wipes, Huggies Natural Care Sensitive Baby Diaper Wipes, Unscented, Hypoallergenic, 12 Flip-Top Packs (768 Wipes Total)",$19.97,"47,568",4.9,"['91%', '6%', '2%', '0%', '1%']"
18,*ippo Workout Tops for Women Yoga Shirts Open Back Tank Tops Athletic Tops Gym Workout Clothes,$16.98,"4,091",4.4,"['68%', '15%', '9%', '4%', '4%']"
19,*mazon Essentials Women's Relaxed-Fit Short-Sleeve Scoopneck Swing Tee,$16.30,"4,931",4.4,"['67%', '17%', '9%', '3%', '3%']"
20,*f Animals Kissed Good Night,$4.44,"49,825",4.8,"['87%', '8%', '3%', '1%', '1%']"
21,"*mazon Elements Turmeric Complex, 316 mg Curcumin, 140 mg Ginger, 5 mg Black Pepper - Joint & Immune System, Healthy Inflammation Response - 65 Capsules (2 month supply)",Out of Stock,"1,484",4.6,"['73%', '16%', '7%', '1%', '2%']"
22,"*ilicone Utensil Rest with Drip Pad for Multiple Utensils, Heat-Resistant, BPA-Free Spoon Rest & Spoon Holder for Stove Top, Kitchen Utensil Holder for Spoons, Ladles, Tongs & More - by Zulay (Black)",$9.99,"16,365",4.7,"['79%', '14%', '5%', '1%', '1%']"
23,"*YNOSURE Lace Front Human Hair Wigs for Black Women Pre Plucked Hairline 150% Denisty Brazilian Water Wave Lace Front Wigs with Baby Hair Natural Black Color(18, Water Wave Wig)",$141.69,"4,410",4.2,"['65%', '13%', '7%', '5%', '11%']"
24,"*OSORI Air Fryer Max XL(100 Recipes) Digital Hot Oven Cooker, One Touch Screen with 13 Cooking Functions, Preheat and Shake Reminder, 5.8 QT, Black",$119.99,"52,222",4.7,"['84%', '10%', '3%', '1%', '2%']"
25,*achee Leaves Laptop Shoulder Messenger Bag Case Sleeve for 14 Inch 15 Inch Laptop Case Laptop Briefcase 15.6 Inch,$18.99,326,4.8,"['86%', '10%', '2%', '1%', '1%']"
26,"*ucky Doug 12-in-1 STEM Solar Robot Kit Toys Gifts for Kids 8 9 10 11 12 13 Years Old, Educational Building Science Experiment Set Gifts for Kids Boys Girls",$24.99,"3,780",4.2,"['63%', '17%', '9%', '4%', '8%']"
27,*GENJUN Women's Casual Loose Hollowed Out Shoulder Three Quarter Sleeve Shirts,Out of Stock,"6,415",4.3,"['64%', '16%', '11%', '4%', '5%']"
28,*MVELOP Elastic Tank Tops for Women Undershirts Pack of 4 Slim-Fit,Out of Stock,"5,010",4,"['55%', '16%', '14%', '7%', '8%']"
29,"*uicer, Juice Extractor, Aicook Juicer Machine with 3'' Wide Mouth, 3 Speed Centrifugal Juicer for Fruits and Vegs, with Non-Slip Feet, BPA-Free",$46.99,540,4.2,"['62%', '18%', '9%', '3%', '9%']"
30,"*mazon Basics Flat Weight Workout Exercise Bench, Black",Out of Stock,"3,819",4.6,"['76%', '15%', '5%', '1%', '3%']"
31,"*layskool Sit ‘n Spin Classic Spinning Activity Toy for Toddlers Ages Over 18 Months (Amazon Exclusive),Multicolor",$34.99,"25,257",4.7,"['82%', '11%', '4%', '1%', '1%']"
32,"*ruit of the Loom womens Spaghetti strap Pullover Sports Bra, 3-Pack",$12.50,108,4.4,"['71%', '16%', '3%', '4%', '5%']"
33,*olorfulkoala Women's High Waisted Yoga Pants 7/8 Length Leggings with Pockets,$25.00 - $29.00,"36,353",4.6,"['78%', '11%', '6%', '2%', '3%']"
34,*unJey Round Neck Triple Color Block Stripe T-Shirt,$16.99,"36,193",4.4,"['66%', '17%', '9%', '4%', '4%']"
35,"*ir Fryer Oven 17-Quart, OMMO 1800W Countertop Air Fryer Toaster Oven Combo with Rotisserie & Dehydrator, Digital Controls, 8 Presets, Rich Accessories & Cookbook (40+ Recipes), ETL Certified",Out of Stock,"1,045",4.6,"['80%', '11%', '4%', '2%', '3%']"
36,*mazon Basics 3.2 Quart Compact Multi-Functional Digital Air Fryer,$79.99,"1,706",4.5,"['73%', '16%', '5%', '2%', '3%']"
37,*mazon Essentials Women's 2-Pack Classic-Fit Short-Sleeve V-Neck T-Shirt,$20.70,"27,429",4.5,"['69%', '17%', '8%', '3%', '3%']"
38,"*nstant Pot Duo Crisp 11 in 1, Electric Pressure Cooker with Air Fryer, Roast, Bake, Dehydrate, Slow Cook, Rice Cooker, Steamer, Saute, 8 Quart, 14 One-Touch Programs",$199.95,"21,144",4.7,"['85%', '9%', '3%', '1%', '2%']"
39,"*xclusive Home Curtains Wilshire Burnout Sheer Window Curtain Panel Pair with Grommet Top, 54x84, Winter White, 2 Count",$39.93,516,4.6,"['80%', '10%', '5%', '2%', '3%']"
40,*arner's Women's Blissful Benefits No Muffin Top 3 Pack Hipster Panties,$7.00 - $30.00,"39,380",4.6,"['77%', '12%', '6%', '2%', '2%']"
41,"*hefman Multifunctional Digital Air Fryer+ Rotisserie, Dehydrator, Convection Oven, 17 Touch Screen Presets Fry, Roast, Dehydrate & Bake, Auto Shutoff, Accessories Included, XL 10L Family Size, Black",Out of Stock,"1,534",4.6,"['77%', '12%', '4%', '2%', '5%']"
42,*mazon Basics Cat Condo Tree Tower with Hammock Bed and Scratching Post,$26.99,"29,400",4.7,"['82%', '11%', '4%', '1%', '1%']"
43,"*OSORI Smart WiFi Air Fryer(100 Recipes), 13 Cooking Functions, Keep Warm & Preheat & Shake Remind, Works with Alexa & Google Assistant, 5.8 QT, Black",$112.02,"16,270",4.7,"['81%', '11%', '3%', '1%', '3%']"
44,*abales Women's 3-Pack Seamless Wireless Sports Bra with Removable Pads,$9.99 - $25.99,"21,675",4.1,"['57%', '16%', '13%', '6%', '8%']"
45,*ust Love Printed Plush Robe for Women,$34.99,"12,062",4.6,"['79%', '12%', '5%', '2%', '3%']"
46,"*OSORI Air Fryer Toaster Oven Combo Smart 12-in-1 Countertop Dehydrator, 100 Recipes & Accessories Included, Work with Alexa, 30L, WIFI-Black",$191.08,"1,393",4.6,"['77%', '15%', '5%', '2%', '2%']"
47,*ay-Ban Rb3025 Classic Mirrored Aviator Sunglasses,$161.00,"17,239",4.6,"['81%', '8%', '4%', '2%', '5%']"
48,"*mazon Basics 8-Sheet Capacity, Cross-Cut Paper and Credit Card Shredder, 4.1 Gallon",$35.77,"129,328",4.6,"['78%', '14%', '4%', '1%', '3%']"
49,"*ather Brown Complete Murder Mysteries: The Innocence of Father Brown, The Wisdom of Father Brown, The Donnington Affair…",$2.19,"1,664",4.2,"['58%', '20%', '13%', '5%', '4%']"
50,"*nstant Vortex Plus 7-in-1 Air Fryer Oven with built-in Smart Cooking Programs, Digital Touchscreen, Easy to Clean Basket, 10 Quart Capacity, and a Stainless Finish",$99.95,"17,160",4.5,"['75%', '14%', '5%', '2%', '4%']"
51,*cyzone Workout Tank Tops for Men - Running Muscle Tank Exercise Gym Tops Athletic Shirts,$14.79 - $16.99,57,4.1,"['59%', '13%', '14%', '6%', '8%']"
52,"*mazon Basics 100 Pack AAA High-Performance Alkaline Batteries, 10-Year Shelf Life, Easy to Open Value Pack",$23.99,"318,654",4.7,"['82%', '12%', '4%', '1%', '2%']"
53,"*rest Charcoal 3D White Toothpaste, Whitening Therapy Deep Clean with Fluoride, Invigorating Mint, 4.1 Ounce, Pack of 3",$15.72,"13,821",4.7,"['80%', '12%', '5%', '1%', '1%']"
54,*UHHRRY womens Shirt Tunic,$24.48,240,3.5,"['37%', '20%', '16%', '10%', '17%']"
55,*CEVOG Womens Casual Scoop Neck Loose Top 3/4 Sleeve Chiffon Blouse Shirt Tops,$24.99,"4,711",3.9,"['51%', '16%', '13%', '7%', '12%']"
56,*e Nepho Womens Tank Tops Wide Strap Tank Top Scoop Neck Cami 4-Pack,Out of Stock,"1,515",4,"['55%', '17%', '12%', '7%', '9%']"
57,*heIn Women's Casual Side Bow Tie Neck Short Sleeve Blouse Shirt Top,$19.99,"6,584",4,"['53%', '17%', '13%', '7%', '10%']"
58,*omen's Floral Printed Short Sleeve Henley V Neck T-Shirt Pleated Casual Flowy Tunic Blouse Tops,$32.99,"8,747",4.4,"['68%', '16%', '8%', '4%', '4%']"
59,*EASIKERY Women's Blouse Short Sleeve Floral Print T-Shirt Comfy Casual Tops for Women 002,$13.99,"1,225",4.1,"['57%', '17%', '13%', '7%', '7%']"
60,"*marter Nutrition Curcumin - Potency and Absorption in a SoftGel - The Most Active Form of Curcuminoid - 95% Tetra-Hydro Curcuminoids, 1 pack of 60 capsules - 30 Servings (Packaging May Vary)",$39.95,"7,513",4.6,"['76%', '13%', '6%', '2%', '3%']"
61,*rinStory Women's Fall Casual V-Neck Soft Raglan Long Sleeves Sweatshirts Tops Basic T-Shirt Split Blouse with Side Zipper,Out of Stock,"9,027",4.2,"['59%', '18%', '12%', '5%', '7%']"
62,*eSe Code Womens 3/4 Roll Sleeve Shirt Notch Neck Loose Tops Plaid Tunic Blouse,$27.99,"4,147",4,"['55%', '17%', '12%', '6%', '10%']"
63,"*tekcity Digital Body Weight Bathroom Scale with Step-On Technology, 400 Lb, Body Tape Measure Included, Silver",$19.99,"1,571",4.7,"['82%', '12%', '2%', '1%', '2%']"
64,"*cyzone Workout Tank Tops for Women - Racerback Athletic Yoga Tops, Running Gym Shirts (Pack of 2)",$17.79 - $19.99,104,4.3,"['65%', '15%', '9%', '7%', '4%']"
65,"*ISSELL Cleanview Swivel Pet Upright Bagless Vacuum Cleaner, Green, 2252",$109.99,"44,996",4.7,"['80%', '14%', '3%', '1%', '2%']"
66,"*ellanni Bed Sheet Set - 1800 Bedding - Wrinkle, Fade, Stain Resistant - 4 Piece (King, Light Gray)",$37.97,"232,875",4.5,"['74%', '14%', '6%', '3%', '3%']"
67,*hink and Grow Rich,$1.99,"52,779",4.7,"['83%', '9%', '4%', '1%', '2%']"
68,*ullstar Vegetable Chopper - Spiralizer Vegetable Slicer - Onion Chopper with Container - Pro Food Chopper - Black Slicer Dicer Cutter - 4 Blades,$25.99,"28,081",4.6,"['76%', '14%', '5%', '2%', '3%']"
69,"*Tech Rock and Bop Music Player Amazon Exclusive, Pink",$14.90,"17,630",4.6,"['76%', '14%', '7%', '2%', '2%']"
70,*weatyRocks Women's Short Sleeve T Shirt Graphic Print Distressed Crop Top,$8.99 - $16.99,"5,507",4.3,"['66%', '13%', '10%', '4%', '6%']"
71,*el Nail Polish Kit with UV Light 20 Colors Nude Black Blue Pink Gel Nail Polish 24W LED Nail Lamp Starter Kit Soak Off Base and Top Coat Nail Art Decorations Nail Salon DIY at Home,Out of Stock,0,0,"['0%', '0%', '0%', '0%', '0%']"
72,"*mazonBasics 8-Sheet Strip-Cut Paper, CD, and Credit Card Shredder",$28.32,"24,649",4.6,"['74%', '15%', '6%', '2%', '3%']"
73,*ow to Sell on Amazon in 2020: 7 FBA Secrets That Turn Beginners into Best Sellers,Out of Stock,967,4.2,"['60%', '16%', '13%', '6%', '6%']"
74,*orkout Tank and Sports Bra Set Yoga Exercise Tops for Women Racerback Gym Training Shirt Plus Size Petite,Out of Stock,0,0,"['0%', '0%', '0%', '0%', '0%']"
75,"*UTTY TOYS Push Pop Bubble Fidget Toy - Stress & Anxiety Relief Sensory Gadget for Kids & Adults - Top Autism & ADHD Gift for Teens, Tweens & Toddlers; Unique Boys & Girls Easter & Birthday Present",$6.97,481,4.6,"['78%', '11%', '6%', '2%', '3%']"
76,*errell Men's Jungle Moc Slip-On Shoe,$41.82 - $206.46,"21,938",4.7,"['81%', '12%', '4%', '2%', '2%']"
77,*alomon Men's Speedcross 4 Trail Running Shoes,$90.93 - $130.00,"17,177",4.6,"['80%', '10%', '4%', '2%', '4%']"
78,*immery Woman Short Sleeve Round Neck Criss Cross Back Yoga Shirt,$17.99 - $25.99,"1,679",4.1,"['57%', '17%', '13%', '6%', '7%']"
79,"*nstant Pot Vortex Plus 6-in-1 Air Fryer, 6 Quart, 6 One-Touch Programs, Air Fry, Roast, Broil, Bake, Reheat, and Dehydrate",$119.95,"6,837",4.7,"['84%', '9%', '3%', '1%', '3%']"
80,"“Sunbeam Steammaster Steam Iron | 1400 Watt Large Anti-Drip Nonstick Stainless Steel Iron with Steam Control and Retractable Cord, Chrome/Blue”.",$30.75,"12,686",4.6,"['76%', '15%', '5%', '2%', '3%']"
81,"*mazon Basics Silicone, Non-Stick, Food Safe Baking Mat - Pack of 2",$12.44,"67,754",4.7,"['83%', '11%', '3%', '1%', '1%']"
82,*mazon Essentials Women's Relaxed-Fit Short-Sleeve V-Neck Tunic,$14.90 - $15.00,"4,470",4.3,"['64%', '17%', '10%', '4%', '5%']"
83,"*cer Aspire 5 A515-55-35SE, 15.6"" Full HD Display, 10th Gen Intel Core i3-1005G1 Processor, 4GB DDR4, 128GB NVMe SSD, Intel WiFi 6 AX201, Backlit KB, Fingerprint Reader, Windows 10 Home (S Mode)",$401.29,"1,486",4.6,"['75%', '15%', '4%', '1%', '3%']"
84,"*Steam Steamer for Clothes [Home Steam Cleaner] Powerful Travel Steamer 7-in-1. Handheld Garment Steamer, Wrinkle Remover. Portable Fabric Steam Iron. Clothing Accessory for USA 110-120v [H106]",$31.97,"11,651",4.2,"['62%', '16%', '9%', '5%', '9%']"
85,*OP BRIGHT Toddler Toys For 1 2 Year Old Boy And Girl Gifts Wooden Race Track Car Ramp Racer With 4 Mini Cars,$19.99,"7,718",4.6,"['78%', '13%', '5%', '2%', '2%']"
86,"*eyblade Burst Turbo Slingshock Rail Rush Battle Set -- Complete Set with Beyblade Burst Beystadium, Battling Tops, and Launchers (Amazon Exclusive)",$43.96,"10,295",4.6,"['76%', '13%', '6%', '2%', '2%']"
87,"*IONOR Swim Goggles, G1 Polarized Swimming Goggles Anti-Fog for Adult Men Women",$22.99,"1,590",4.7,"['81%', '11%', '4%', '1%', '2%']"
88,*CEVOG Womens Casual Scoop Neck Loose Top 3/4 Sleeve Chiffon Blouse Shirt Tops,$26.98,"4,711",3.9,"['51%', '16%', '13%', '7%', '12%']"
89,*omwe Women's Color Block Blouse Short Sleeve Casual Tee Shirts Tunic Tops,$18.99,"4,064",3.7,"['45%', '16%', '15%', '10%', '14%']"
90,"*isher-Price Laugh & Learn Pull & Play Learning Wagon, pull-toy wagon with music, lights, and learning songs for babies & toddlers ages 6-36 months [Amazon Exclusive]",$37.47,"3,457",4.8,"['88%', '8%', '3%', '0%', '1%']"
91,"*ce Maker Machine for Countertop, Self-Cleaning Function, 26Lbs/24H Portable Ice Maker, 9 Cubes Ready in 6 Mins, Compact Ice Cube Maker with Ice Scoop & Basket for Home Kitchen Office Bar (Black)",$159.99,480,4.6,"['81%', '9%', '4%', '1%', '5%']"
92,"*P Chromebook 11-inch Laptop - Up to 15 Hour Battery Life - MediaTek - MT8183 - 4 GB RAM - 32 GB eMMC Storage - 11.6-inch HD Display - with Chrome OS - (11a-na0021nr, 2020 Model, Snow White)",$237.99,698,4.5,"['72%', '15%', '6%', '3%', '4%']"
93,*uccefods Womens Workout Tank Tops Yoga Shirts Mesh Racerback Sports Training Running Tank Tops Workout Clothes,$16.99,559,4.4,"['67%', '18%', '9%', '4%', '3%']"
94,"*mazon Basics Medium Cat Scratching Post - 16 x 16 x 32 Inches, Gray",$18.40,"2,378",4.6,"['76%', '14%', '4%', '2%', '4%']"
95,*a Blanca Women's Triangle Halter Bra Bikini Swimsuit Top,$11.81 - $75.00,82,4.4,"['68%', '15%', '9%', '5%', '3%']"
96,"*OSORI CO130-AO Air Fryer Toaster Combo 30L 12 Functions Large Countertop Oven, Rotisserie & Dehydrator with 1800W, 100 Recipes & 6 Accessories Included",$199.99,"5,575",4.5,"['74%', '16%', '5%', '2%', '3%']"
97,"*uWave Brio 6-Quart Air Fryer with App Recipes (Black) Includes Basket Divider, One-Touch Digital Controls, 6 Easy Presets, Wattage Control, and Advanced Functions like SEAR, PREHEAT, DELAY, WARM and More (NEW UPDATED MODEL)",$99.99,"5,155",4.5,"['76%', '12%', '5%', '2%', '5%']"
98,*he Nightingale: A Novel,$8.40,"70,595",4.8,"['87%', '9%', '2%', '1%', '1%']"
99,"*hefman TurboFry 2 Quart Air Fryer, Personal Compact Healthy Fryer w/ Adjustable Temperature Control, 30 Minute Timer and Dishwasher Safe Basket, Black",$29.99,"11,141",4.6,"['76%', '13%', '6%', '2%', '3%']"
100,*SQTBA Womens Short Sleeve V Neck T Shirts Loose Casual Summer Tops Tees with Pocket,$18.99,"13,172",4.3,"['65%', '17%', '9%', '4%', '5%']"
101,"*oshiba EM131A5C-BS Microwave Oven with Smart Sensor Easy Clean Interior, ECO Mode and Sound On-Off, 1.2 Cu. ft, Black Stainless Steel",$123.99,"28,726",4.6,"['76%', '14%', '4%', '2%', '4%']"
102,*pilled Milk: Based on a true story,Out of Stock,"14,308",4.8,"['85%', '10%', '3%', '1%', '1%']"
103,"*otel Luxury Bed Sheets Set-SALE TODAY ONLY! On Amazon-Top Quality Soft Bedding 1800 Series Platinum Collection-100%!Deep Pocket, Wrinkle & Fade Resistant(Queen,Burgundy)",$29.99,"67,454",4.5,"['72%', '14%', '7%', '3%', '4%']"
104,*ignature by Levi Strauss & Co. Gold Label Women's Modern Skinny Jeans,$16.28 - $68.43,"39,352",4.4,"['70%', '14%', '7%', '3%', '5%']"
105,"*EM Lenovo ThinkCentre M910 Tiny M910q Intel Quad Core i5-6500T, 8GB RAM, 250GB SSD, WiFi Intel 8265-AC, W10P Business Desktop",$869.95,26,4.6,"['69%', '20%', '11%', '0%', '0%']"
106,*mazon Basics Portable Foldable Photo Studio Box with LED Light - 25 x 30 x 25 Inches,$139.99,"3,140",4.6,"['77%', '12%', '5%', '2%', '3%']"
107,"*Cucina Air Fryer |10 Qt Actual Capacity 1700W Power Frier| Non-Stick Basket Cooker With Additional Accessories|Oil Free 360 Rotating Mesh Basket Chicken Rotisserie|Drip Tray For Easy Clean and Dehydrator Oven, 6-in-1 Countertop Oven, Digital LED Display, 9 Accessories Mini Oven",$116.99,11,4.2,"['57%', '20%', '12%', '12%', '0%']"
108,*old on a Monday: A Novel,$7.29,"16,289",4.4,"['62%', '24%', '10%', '3%', '2%']"
109,"*MMO Blender 1800w, Professional Countertop Blender Smoothie Maker with Built-in Timer, High Power Blender 68oz Cups for Smoothies, Blend, Chop, Grind",$119.00,532,4.5,"['76%', '11%', '4%', '3%', '6%']"
110,$100 PlayStation Store Gift Card [Digital Code],Out of Stock,"232,821",4.7,"['89%', '4%', '2%', '1%', '4%']"
111,"*OPPIN Cordless Stick Vacuum Cleaner - 23KPa Powerful Suction for Pet Family, 8 in 1 Lightweight Stick Handheld Vacuum with 34min Detachable Battery, 250W Brushless Motor for Hard Floor Carpet Car",$119.99,757,4.5,"['73%', '15%', '4%', '3%', '5%']"
112,*nder Armour Men's Tech Tank 2.0,$16.07 - $42.97,"3,050",4.6,"['74%', '15%', '7%', '2%', '2%']"
113,"*EMI Dinosaur Toy Figure w/ Activity Play Mat & Trees, Educational Realistic Dinosaur Playset to Create a Dino World Including T-Rex, Triceratops, Velociraptor, Perfect Gifts for Kids, Boys & Girls",$24.60,"21,602",4.4,"['70%', '13%', '9%', '3%', '4%']"
114,*omens Summer Tops Short Sleeve Color Block Striped Shirts Casual Blouse Tunic Blouse,$23.98,39,3.6,"['39%', '19%', '21%', '9%', '12%']"
115,*rinStory Women's Casual Tops Short Sleeve V-Neck Shirts Loose Blouse Basic Tee T-Shirt,$19.98,"8,233",4.2,"['61%', '17%', '11%', '5%', '6%']"
116,*dibosy Women's Short Sleeve Tops Leopard Color Block T Shirt Casual Tunic Crew Neck Striped Shirts S-XXL,Out of Stock,"2,264",4.3,"['64%', '19%', '9%', '4%', '4%']"
117,*EMOFON Women's Top Summer Short Sleeve Tops Crew Neck Casual Loose T-Shirts Blouse Tunic S-2XL,$19.99,"1,431",4.3,"['63%', '18%', '10%', '4%', '5%']"
118,*omwe Women's Loose Ruffle Hem Short Sleeve High Low Peplum Blouse Top,$25.99,"5,981",3.8,"['51%', '14%', '13%', '9%', '13%']"
119,*WOLLENCE Womens Waffle Knit Tunic Blouse Tie Knot Short Sleeve Henley Tops Loose Fitting Bat Wing Shirts,$22.99,"7,129",4.4,"['66%', '17%', '9%', '4%', '4%']"
120,"*EMI Dinosaur Toy Figure w/ Activity Play Mat & Trees, Educational Realistic Dinosaur Playset to Create a Dino World Including T-Rex, Triceratops, Velociraptor, Perfect Gifts for Kids, Boys & Girls",$24.60,"21,602",4.4,"['70%', '13%', '9%', '3%', '4%']"
121,"*OMFEE' 5.8Qt Digital Air Fryer, Toaster Oven & Oilless Cooker, 1700W with 8 Preset Functions, LED Touchscreen, Shake Reminder, Non-stick Detachable Basket, BPA & PFOA Free (110 Recipes)",$78.26,"2,866",4.6,"['79%', '14%', '3%', '1%', '3%']"
122,"*ASG Portable Air Conditioner Fan, 5000mAh Rechargeable Evaporative Cooler with Air Humidifier, Adjustable 3 Wind Speeds and 3 Humidity Levels, 1/2/4/8H Timer & Ultra-quiet Personal Cooling Fan",$67.99,77,4,"['61%', '15%', '5%', '4%', '15%']"
123,*ignature by Levi Strauss & Co. Gold Label Women's Modern Skinny Jeans,$16.28 - $68.43,"39,352",4.4,"['70%', '14%', '7%', '3%', '5%']"
124,"*inja Foodi AG301 5-in-1 Indoor Electric Countertop Grill with 4-Quart Air Fryer, Roast, Bake, Dehydrate, and Cyclonic Grilling Technology",$209.99,"16,005",4.8,"['88%', '8%', '2%', '1%', '2%']"
125,*hen the Apricots Bloom,$9.03,996,4.3,"['48%', '37%', '10%', '3%', '2%']"
126,"*mazon Basics Medium Cat Scratching Post - 16 x 16 x 32 Inches, Gray",$18.40,"2,378",4.6,"['76%', '14%', '4%', '2%', '4%']"
127,*omen’s Longline Sports Bra Wirefree Padded Medium Support Yoga Bras Gym Running Workout Tank Tops,$19.99,"8,715",4.5,"['71%', '14%', '8%', '3%', '4%']"
128,*op Five [Blu-ray],$12.97,"1,741",4.2,"['62%', '17%', '10%', '6%', '6%']"
129,"*ureka RapidClean Pro Lightweight Cordless Vacuum Cleaner, High Efficiency Powerful Digital Motor LED Headlights, Convenient Stick and Handheld Vac, Essential, Blue",$154.99,"9,847",4.4,"['68%', '16%', '6%', '3%', '6%']"
130,"*mazon Basics High-Back Executive, Swivel, Adjustable Office Desk Chair with Casters, White Bonded Leather",$156.99,"17,944",4.4,"['69%', '16%', '7%', '3%', '5%']"
131,"*hilips Norelco OneBlade Face + Body Hybrid Electric Trimmer and Shaver QP263070, Black/Green/Silver",$37.49,"44,470",4.6,"['76%', '14%', '5%', '2%', '3%']"
132,*omen's Floral Print Puff Sleeve Kimono Cardigan Loose Cover Up Casual Blouse Tops,$13.99 - $18.99,"12,635",4.3,"['65%', '16%', '10%', '4%', '5%']"
133,"*rother P-touch, PTD210, Easy-to-Use Label Maker, One-Touch Keys, Multiple Font Styles, 27 User-Friendly Templates, White",$34.98,"19,576",4.7,"['84%', '11%', '3%', '1%', '2%']"
134,"*ctiv Life Bike Wheel Lights (2 Tires, Blue) Best Gifts for Men for Christmas Stocking Stuffers & Birthday Gifts, Teens & Boys. Top Unique Presents for Kids 2021 Ideas for Him, Dad, Brother, Uncle",Out of Stock,"13,363",4.5,"['76%', '11%', '6%', '2%', '4%']"
135,*he Last Thing He Told Me: A Novel,$13.19,"13,996",4.3,"['53%', '33%', '11%', '2%', '1%']"
136,"*nstant Omni Plus 10-in-1 Air Fryer Toaster Oven Combo, Rotisserie Oven, Deep Fryer, Oil-less Mini Cooker, Convection Oven, Dehydrator, Roaster, Warmer, Reheater, Pizza Oven, 18-Liter",$249.95,"3,518",4.7,"['81%', '12%', '3%', '1%', '2%']"
137,"*t. Tropez Self Tan Classic Bronzing Mousse, Vegan Self Tanner for a Sunkissed Glow, Lightweight, 100% Natural Self Tanning Active, 8 Fl Oz",$42.00,"8,350",4.6,"['77%', '12%', '6%', '2%', '3%']"
138,"*eapFrog Spin and Sing Alphabet Zoo Amazon Exclusive, Pink",$21.99,"5,960",4.7,"['84%', '10%', '4%', '1%', '1%']"
139,*OP BRIGHT Activity Cube Toys - Baby Toys with Bead Maze for Toddlers 1 2 Year Old Boy and Girl Gifts,$29.99,"4,401",4.4,"['69%', '14%', '10%', '4%', '4%']"
140,*ongs in Ursa Major: A novel,$15.39,30,4.5,"['55%', '40%', '5%', '0%', '0%']"
141,*unchkin Bluetooth Enabled Lightweight Baby Swing with Natural Sway in 5 Speeds and Remote Control,$189.95,457,4.6,"['81%', '8%', '5%', '2%', '4%']"
142,*herokee iflex Women's V-Neck Knit Panel Scrub Top,$25.38 - $32.98,"7,110",4.7,"['82%', '10%', '4%', '1%', '2%']"
143,*omens V Neck Shirts Long Sleeve Waffle Knit Loose Fitting Warm Tee Tops Pullover Sweaters,$22.98,"8,999",4.1,"['56%', '17%', '12%', '6%', '9%']"
144,*IASHOT Women's Short Sleeve V-Neck Loose Casual Tee T-Shirt Tops,$17.99,"19,206",4.1,"['59%', '17%', '12%', '6%', '7%']"
145,*EMOFON Women's Shirts Cold Shoulder Tops Summer Short Sleeve Casual Twist Knot Blouse T-Shirt S-2XL,$17.99,"3,387",4.4,"['65%', '17%', '10%', '4%', '4%']"
146,*learBags Clear Poly Bags | 100 Pack | 8 x 10 | Amazon FBA Shipping Bags with Suffocation Safety Warning Printed on Bag in Multiple Languages | Product Packaging for Amazon FBA Sellers | PFW1810A,$9.33,306,4.7,"['82%', '11%', '2%', '2%', '2%']"
147,"*rofessional Grade 1700W Steam Iron for Clothes with Rapid Even Heat Scratch Resistant Stainless Steel Sole Plate, True Position Axial Aligned Steam Holes, Self-Cleaning Function",$44.97,"24,081",4.6,"['77%', '14%', '4%', '1%', '3%']"
148,*llegrace Women's Plus Size Floral Printing Cold Shoulder Tunic Top Short Sleeve V Neck T Shirts,$18.84,"9,937",4.5,"['70%', '15%', '8%', '3%', '4%']"
149,*omens Workout Tops Yoga Tanks for Women Loose Fit Running Shirts Exercise Outfits Tie Back,$14.89 - $25.89,0,0,"['0%', '0%', '0%', '0%', '0%']"
150,*he Girl Who Lived: A Thrilling Suspense Novel,Out of Stock,"10,673",4.3,"['62%', '21%', '10%', '4%', '3%']"
151,"*inja SP101 Foodi 8-in-1 Digital Air Fry, Large Toaster Oven, Flip-Away for Storage, Dehydrate, Keep Warm, 1800 Watts, XL Capacity, Stainless Steel",$209.99,"13,084",4.7,"['81%', '11%', '4%', '2%', '2%']"
152,*mazon Essentials Women's Classic-Fit Long-Sleeve Crewneck T-Shirt,$13.86 - $14.90,"10,645",4.5,"['71%', '16%', '7%', '3%', '3%']"
153,"*ortable Neck Fan - ITHKY Hands Free Bladeless Neck Fan, 360° Cooling Hanging Fan, USB Rechargeable Personal Neck Fan, Headphone Design Neck Air Conditioner with 3 Wind Speed for Outdoor Indoor",$29.99,918,4.5,"['74%', '13%', '5%', '4%', '4%']"
154,"*mazon Basics 100 Pack AA High-Performance Alkaline Batteries, 10-Year Shelf Life, Easy to Open Value Pack",$26.99,"330,600",4.7,"['82%', '11%', '4%', '1%', '2%']"
155,"*onair Turbo Extreme Steam Hand Held Fabric Steamer, White/Champagne, One Size",$58.99,"4,596",4.4,"['71%', '16%', '6%', '3%', '5%']"
156,"*amilton Beach (76606ZA) Smooth Touch Electric Automatic Can Opener with Easy Push Down Lever, Opens All Standard-Size and Pop-Top Cans, Extra Tall, Black and Chrome",$29.85,"38,646",4.8,"['86%', '9%', '2%', '1%', '2%']"
157,*ey Dude Men's Wally Sox Loafer,$48.00 - $125.00,"29,542",4.8,"['88%', '8%', '2%', '1%', '2%']"
158,"*uicer Machines, ORFELD Slow Masticating Juicer Extractor Easy to Clean, Quiet Motor and Reverse Function, Cold Press Juicer Machine for Vegetable and Fruit Carrots, Oranges and Celery, etc (Silver)",$119.99,238,4.5,"['79%', '6%', '4%', '5%', '5%']"
159,*he Beach House (South Carolina Sunsets Book 1),$3.29,"6,608",4.4,"['62%', '22%', '11%', '3%', '2%']"
160,"*skyer Telescope, 70mm Aperture 400mm AZ Mount Astronomical Refracting Telescope for Kids Beginners - Travel Telescope with Carry Bag, Phone Adapter and Wireless Remote",$99.99,"21,071",4.4,"['68%', '16%', '7%', '3%', '6%']"
161,"*orn Survivors: Three Young Mothers and Their Extraordinary Story of Courage, Defiance, and Hope",$10.99,"3,759",4.7,"['82%', '12%', '3%', '1%', '1%']"
162,"*ash DCAF200GBAQ02 Tasti Crisp Electric Air Fryer Oven Cooker with Temperature Control, Non-stick Fry Basket, Recipe Guide + Auto Shut Off Feature, 1000-Watt, 2.6Qt, Aqua",$55.00,"16,890",4.6,"['75%', '15%', '5%', '2%', '3%']"
163,*anes Women's Scoop-Neck Tank Top,$5.90 - $15.37,"7,564",4.1,"['56%', '18%', '13%', '6%', '7%']"
164,"*ufy by Anker, BoostIQ RoboVac 11S (Slim), Robot Vacuum Cleaner, Super-Thin, 1300Pa Strong Suction, Quiet, Self-Charging Robotic Vacuum Cleaner, Cleans Hard Floors to Medium-Pile Carpets",Out of Stock,"45,353",4.5,"['70%', '16%', '6%', '3%', '4%']"
165,"*rayola Ultimate Light Board Drawing Tablet, Gift for Kids, Ages 6, 7, 8, 9",$24.99,"12,520",4.6,"['74%', '15%', '7%', '2%', '2%']"
166,*mazon Basics Large Premium Tall Cat Scratching Post,$43.99,"3,616",4.7,"['83%', '10%', '3%', '1%', '3%']"
167,"*reenLife Soft Grip Healthy Ceramic Nonstick, Cookware Pots and Pans Set, 16 Piece, Turquoise",Out of Stock,"7,858",4.5,"['75%', '12%', '6%', '3%', '4%']"
168,"*inja AF101 Air Fryer that Cooks, Crisps and Dehydrates, with 4 Quart Capacity, Black/gray",$99.99,"24,920",4.8,"['86%', '9%', '2%', '1%', '2%']"
169,"*amilton Beach Smooth Touch Electric Automatic Can Opener with Easy Push Down Lever, Use With All Standard-Size and Pop-Top Lids, Stainless Steel Kitchen Scissors, Black and Chrome (76607)",$43.33,"5,974",4.8,"['86%', '9%', '2%', '1%', '2%']"
170,*LRAIN Women's Floral Print Sheer Chiffon Loose Kimono Cardigan Capes,$17.88,"12,258",4.4,"['70%', '15%', '8%', '3%', '4%']"
171,*WOLLENCE Womens Loose Henley Blouse Sleeveless Button Down T Shirts Tie Front Knot Tops,$22.99,"3,347",4.4,"['65%', '19%', '9%', '3%', '3%']"
172,*NIXAY Women's Short/Long Sleeve Henley Button up T Shirt Casual Basic Tops Blouse,$23.99,"4,561",4.2,"['60%', '17%', '11%', '5%', '7%']"
173,*rinStory Women's Casual Tops Short Sleeve V-Neck Shirts Loose Blouse Basic Tee T-Shirt,$19.98,"8,233",4.2,"['61%', '17%', '11%', '5%', '6%']"
174,*dibosy Women's Short Sleeve Tops Leopard Color Block T Shirt Casual Tunic Crew Neck Striped Shirts S-XXL,$16.99,"2,264",4.3,"['64%', '19%', '9%', '4%', '4%']"
175,*CEVOG Womens Casual Scoop Neck Loose Top 3/4 Sleeve Chiffon Blouse Shirt Tops,Out of Stock,"4,711",3.9,"['51%', '16%', '13%', '7%', '12%']"
176,"*OSORI Air Fryer Toaster Combo 26.4QT 12 Functions Large Countertop Oven, Dehydrator with 1800W, Recipes & Accessories Included, Work with Alexa",$149.99,831,4.6,"['78%', '14%', '4%', '2%', '2%']"
177,"*ster Cordless Electric Wine Bottle Opener with Foil Cutter, FFP - FPSTBW8207-S-AMZ, Silver, One",$19.99,"31,594",4.6,"['77%', '12%', '5%', '2%', '4%']"
178,"*cer Aspire C24-963-UA91 AIO Desktop, 23.8"" Full HD Display, 10th Gen Intel Core i3-1005G1, 8GB DDR4, 512GB NVMe M.2 SSD, 802.11ac Wi-Fi 5, Wireless Keyboard and Mouse, Windows 10 Home",$568.29,"2,447",4.5,"['73%', '15%', '6%', '2%', '4%']"
179,*ids Toys Stem Dinosaur Toy: Take Apart Dinosaur Toys for kids 3-5| Learning Educational Building construction Sets with Electric Drill| Birthday Gifts for Toddlers Boys Girls Age 3 4 5 6 7 8 Year Old,$26.99,44,4.6,"['83%', '8%', '3%', '0%', '6%']"
180,"*uisinart Convection Toaster Oven, Airfryer, Silver",$99.95,"4,137",4.6,"['77%', '14%', '5%', '2%', '3%']"
181,"*GLUCKY Counter top Ice Maker Machine,Compact Automatic Ice Maker,9 Cubes Ready in 6-8 Minutes,Portable Ice Cube Maker with Scoop and Basket,Perfect For Home/Kitchen/Office/Bar (Silver)",Out of Stock,"5,411",4.6,"['79%', '12%', '4%', '2%', '4%']"
182,*he Beach House (South Carolina Sunsets Book 1),$3.29,"6,608",4.4,"['62%', '22%', '11%', '3%', '2%']"
183,*ittle Tikes 3' Trampoline – Amazon Exclusive,$57.16,"19,616",4.7,"['81%', '11%', '4%', '1%', '2%']"
184,"*ecura 1700-Watt Stainless-Steel Triple Basket Electric Deep Fryer with Timer Free Extra Odor Filter, 4L/17-Cup",$59.99,"5,226",4.4,"['71%', '14%', '6%', '2%', '7%']"
185,"*oshiba EM131A5C-BS Microwave Oven with Smart Sensor Easy Clean Interior, ECO Mode and Sound On-Off, 1.2 Cu. ft, Black Stainless Steel",$123.99,"28,726",4.6,"['76%', '14%', '4%', '2%', '4%']"
186,"*uhomy Ice Maker Machine Countertop, 40Lbs/24H Auto Self-Cleaning, 24 pcs Ice Cube in 13 Mins, Portable Compact Ice Cube Maker, With Ice Scoop & Basket, Perfect for Home/Kitchen/Office/Bar (Sliver)",Out of Stock,"3,169",4.5,"['72%', '17%', '4%', '2%', '6%']"
187,"*isToyz Kids Toys Hover Soccer Ball Set with 2 Goal & 1 Kids Soccer Ball, LED Light Soccer Games, Toddler Toys Toddler Boy Toys Gifts for Boys Gift for Kids Toys for 2 Year Old Boys Toys for Boys 2-13",$19.98,"9,627",4.4,"['68%', '16%', '8%', '4%', '5%']"
188,*MJL Women's Casual Cute Shirts Leopard Print Tops Basic Summer Short Sleeve Fashion Soft Blouse Loose Fit Tshirt,$15.99 - $16.99,"14,336",4.3,"['63%', '17%', '11%', '4%', '5%']"
189,"*mazon Basics Electric Can Opener, Black",$17.53,"9,598",4.3,"['67%', '15%', '7%', '3%', '7%']"
190,"*hef'sChoice Trizor XV EdgeSelect Professional Electric Knife Sharpener With 100-Percent Diamond Abrasives And Precision Angle Guides For Straight Edge and Serrated Knives, 3-stage, Gray",$135.34,"7,385",4.7,"['80%', '13%', '4%', '1%', '2%']"
191,"*owenta DW5080 1700-Watt Micro Steam Iron Stainless Steel Soleplate with Auto-Off, 400-Hole, Brown",Out of Stock,"18,416",4.6,"['79%', '12%', '4%', '2%', '4%']"
192,*akeMeChic Women's Summer Crop Top Solid Short Sleeve Twist Front Tee T-Shirt,$6.99 - $16.99,"7,566",4,"['56%', '16%', '12%', '7%', '9%']"
193,"*inja CE251 Programmable Brewer, with 12-cup Glass Carafe, Black and Stainless Steel Finish",$99.99,"10,950",4.7,"['85%', '10%', '2%', '1%', '2%']"
194,"*MMO Blender 1800w, Professional Countertop Blender Smoothie Maker with Built-in Timer, High Power Blender 68oz Cups for Smoothies, Blend, Chop, Grind",$119.00,532,4.5,"['76%', '11%', '4%', '3%', '6%']"
195,"*Tech Spin and Learn Color Flashlight Amazon Exclusive, Pink",$13.24,"18,690",4.6,"['78%', '13%', '6%', '2%', '2%']"
196,"*uisinart Airfryer, Convection Toaster Oven, Silver",$199.00,"16,576",4.5,"['75%', '12%', '4%', '3%', '5%']"
197,*he Woman In White,$1.04,"3,918",4.3,"['61%', '20%', '10%', '4%', '4%']"
198,"*ir Fryer, 1700W 5.8Qt Airfryer Oven with Crisp Taste, for Roasting/Baking/Grilling/Dehydrating, Reheat, Auto Shut Off, Dishwasher-Safe, Recipe",$99.99,26,4.6,"['86%', '6%', '0%', '0%', '8%']"
199,*isney Princess Dress Up Trunk Deluxe 21 Piece [Amazon Exclusive],$34.99,"14,192",4.4,"['70%', '14%', '10%', '3%', '3%']"
200,*rofessional Ceramic Tourmaline Hair Dryer 1875 Watt Fast Dry Low Noise Lightweight Blow Dryer Pro Powerful Salon Ionic Dryers with Diffuser and Concentrator Nozzle Attachments,$37.99,"3,955",4.5,"['74%', '14%', '6%', '2%', '4%']"
201,*ieanear Womens Tops Summer Short Sleeve V Neck T Shirts Casual,$18.99,"3,249",4.4,"['66%', '17%', '9%', '3%', '4%']"
202,"*rs. Meyer’s Clean Day Scented Soy Tin Candle with essential oils, Lemon Verbena Scented, 2.9 oz",$7.63,973,4.3,"['66%', '15%', '11%', '4%', '5%']"
203,"*hinkFun Zingo Bingo Award Winning Preschool Game for Pre-Readers and Early Readers Age 4 and Up - One of the Most Popular Board Games for Boys and Girls and their Parents, Amazon Exclusive Version",$21.99,"18,280",4.8,"['85%', '11%', '3%', '1%', '1%']"
204,"*ltrean Air Fryer, Electric Hot Air Fryers Oven Cooker with Deluxe Temperature and Time Knob, 4.5 Quart Non-Stick Basket,50 Recipes, UL Certified, 1-Year Warranty, 1500w",$59.99,"1,568",4.7,"['79%', '14%', '3%', '1%', '2%']"
205,"*aby Wipes, Pampers Complete Clean Scented Baby Diaper Wipes, 8X Pop-Top Packs and 8 Refill Packs for Dispenser Tub, 1152 Total Wipes (Packaging May Vary)",$24.99,"9,528",4.7,"['84%', '8%', '4%', '2%', '2%']"
206,*he Everything Store: Jeff Bezos and the Age of Amazon,$12.99,"4,058",4.6,"['70%', '20%', '6%', '2%', '1%']"
207,"*amilton Beach 6-Slice Countertop Toaster Oven with Easy Reach Roll-Top Door, Bake Pan, Silver (31127D)",Out of Stock,"4,492",4.6,"['77%', '15%', '4%', '2%', '2%']"
208,"*hefman 4.6-Quart Air Fryer with Presets & Adjustable Temperature, Nonstick Stainless Steel & Cool-Touch, Dishwasher Safe Basket, BPA-Free w/ 60 Minute Timer, Healthy Rapid Cooking, Black",$76.99,521,4.7,"['83%', '11%', '3%', '1%', '2%']"
209,"*mazon Basics Quick-Dry, Luxurious, Soft, 100% Cotton Towels, White - Set of 2 Bath Towels",$20.97,"5,939",4.4,"['68%', '16%', '9%', '3%', '4%']"
210,*oysmith Tech Gear Multi Voice Changer (6.5-Inch Various Colors),$11.99,"8,132",4.1,"['56%', '16%', '13%', '6%', '9%']"
211,*mazon Essentials Women's 2-Pack Classic-Fit Short-Sleeve Crewneck T-Shirt,$17.30,"26,227",4.4,"['68%', '17%', '8%', '3%', '3%']"
212,"*housewe Air Fryer, Large XL 5.8 QT Electric Hot Oven Oilless Cooker LED Touch Screen with 8 Preset Menus and 32 Recipes for Roast, Dehydrate & Bake, Auto Shutoff, Black",$89.99,41,4.8,"['85%', '14%', '0%', '0%', '2%']"
213,*cho Dot (2nd Generation) - Smart speaker with Alexa - Black,Out of Stock,"219,526",4.5,"['73%', '14%', '7%', '3%', '4%']"
214,"*owenta DR8120 X-Cel Powerful Handheld Garment and Fabric Steamer Stainless Steel Heated Soleplate with 2 Steam Options, 1600-Watts, White",$65.11,"3,211",4.4,"['70%', '15%', '6%', '3%', '6%']"
215,*ippo Workout Tops for Women Yoga Tank Tops Gym Shirs Workout Clothes,$16.98,"11,700",4.3,"['64%', '17%', '10%', '4%', '5%']"
216,"*OSORI Air Fryer(100 Recipes), 12-in-1 Large XL Air Fryer Oven with Upgrade Customizable 10 Presets, Preheat, Shake Reminder, Digital Hot Oilless Cooker, 5.8QT, Black",$119.99,"4,123",4.8,"['86%', '9%', '2%', '1%', '2%']"
217,*he Guardians: A Novel,$7.82,"26,363",4.5,"['71%', '19%', '7%', '2%', '2%']"
218,*rande Cosmetics GrandeLASH-MD Lash Enhancing Serum,$65.00,"15,576",4.4,"['74%', '10%', '6%', '3%', '7%']"
219,"*he Russian Assassin: A Max Austin Thriller, Book #1",Out of Stock,"2,435",4.4,"['58%', '28%', '9%', '2%', '2%']"
220,"*owenta DW9280 Digital Display Steam Iron, Stainless Steel Soleplate, 1800-Watt, 400-Hole, Blue",$147.37,"5,987",4.4,"['74%', '10%', '4%', '3%', '9%']"
221,*teelSeries Arctis 7 - Lossless Wireless Gaming Headset with DTS Headphone: X v2.0 Surround - for PC and PlayStation 4 - Black,$119.76,"31,057",4.5,"['76%', '13%', '5%', '2%', '5%']"
222,"*mazon Basics High-Back Executive, Swivel, Adjustable Office Desk Chair with Casters, White Bonded Leather",$156.99,"17,944",4.4,"['69%', '16%', '7%', '3%', '5%']"
223,*perry Men's Authentic Original 2-Eye Boat Shoe,$29.95 - $187.35,"13,217",4.6,"['78%', '11%', '5%', '2%', '4%']"
224,"*eckham Hotel Collection Bed Pillows for Sleeping - King Size, Set of 2 - Soft, Cooling, Luxury Gel Pillow for Back, Stomach or Side Sleepers",$59.99,"122,828",4.5,"['70%', '16%', '8%', '3%', '4%']"
225,"*IVOUNITY Cute Cell Phone Holder - Lovely Animal Outdoor Sun Umbrella Mobile Phone Holder - Creative Desktop Piggy Phone Holder, Durable Mobile Phone Suction Cup Holder (Blue)",$19.99,8,4.8,"['76%', '24%', '0%', '0%', '0%']"
226,*ake Apart Robot Toy Vehicle Set 5 in 1 Construction Toys for 5 Year Old Boys STEM Toys Vehicles Transform into Robot for Kids Toys for 6 7 Year Old Boys Kids Building Toys,$39.80,256,4.6,"['75%', '15%', '6%', '2%', '3%']"
227,*WOLLENCE Womens Loose Henley Blouse Sleeveless Button Down T Shirts Tie Front Knot Tops,$22.99,"3,347",4.4,"['65%', '19%', '9%', '3%', '3%']"
228,*UHHRRY womens Shirt Tunic,$23.98,240,3.5,"['37%', '20%', '16%', '10%', '17%']"
229,*EASIKERY Women's 3/4 Sleeve V Neck Tops Casual Tunic Blouse Loose Shirt,$24.99,"5,066",4.2,"['62%', '17%', '10%', '5%', '6%']"
230,*uncuty Womens Summer V Neck Short Sleeve Ruched Side Tunic Shirts Loose Fit Top,$29.99,262,4.1,"['55%', '19%', '16%', '4%', '6%']"
231,*lvaQ Women Summer V Neck Boho Floral Print Tank Tops Casual Sleeveless Shirts Camis,$22.99,"4,982",4,"['54%', '16%', '13%', '7%', '10%']"
232,*dibosy Women's Short Sleeve Tops Leopard Color Block T Shirt Casual Tunic Crew Neck Striped Shirts S-XXL,Out of Stock,"2,264",4.3,"['64%', '19%', '9%', '4%', '4%']"
233,*he Guardians: A Novel,$7.82,"26,363",4.5,"['71%', '19%', '7%', '2%', '2%']"
234,"*parkle Paper Towels, 18 Pick-A-Size Plus Rolls = 37 Regular Rolls, 116 2-Ply Sheets Per Roll",$28.99,"9,715",4.6,"['79%', '12%', '5%', '1%', '3%']"
235,"*Tech KidiZoom Smartwatch DX2, Black (Amazon Exclusive)",$60.07,"13,399",4.6,"['76%', '14%', '6%', '2%', '3%']"
236,"*omever Garment Steamer, Clothes Standing Steamer with 360 Degree, Professional Heavy Duty Fabric Steamer with Garment Hanger, 2.6L Big Water Tank, 20s Fast Heats 90mins Continuous Ironing",$94.99,116,4.3,"['66%', '19%', '5%', '4%', '7%']"
237,"*ar Vacuum High Power, HOTOR Portable Car Vacuum DC 12V 16.4 Ft Corded Handheld Auto Accessories Kit for Car Interior Detailing - Black & Orange",$29.99,"16,807",4,"['57%', '16%', '12%', '6%', '10%']"
238,*aola Women's Summer Short Sleeve Slim Fit Shirts Mini Dresses Juniors Dress Top,$22.99,"4,526",3.8,"['49%', '16%', '14%', '8%', '12%']"
239,"*ecura 1700-Watt Stainless-Steel Triple Basket Electric Deep Fryer with Timer Free Extra Odor Filter, 4L/17-Cup",$59.99,"5,226",4.4,"['71%', '14%', '6%', '2%', '7%']"
240,"*teamer for Clothes,dodocool 1800W 20s Heat Up Handheld Garment Steamer with LCD Smart Screen,2 Steam Options Fabric Steamer,Upgraded Nozzle and 350ml Water Tank,Portable Travel Clothing Steamer",Out of Stock,105,4.8,"['87%', '8%', '0%', '5%', '0%']"
241,*apezio 550 Junior Footlight,$34.85 - $87.99,"3,439",4.3,"['65%', '15%', '8%', '5%', '7%']"
242,"*mazonFresh Colombia Ground Coffee, Medium Roast, 32 Ounce",Out of Stock,"5,994",4.4,"['67%', '19%', '8%', '3%', '3%']"
243,"*old, Silver and Rare Coins: A Complete Guide To Finding Buying Selling Investing: Plus...Coin Collecting A-Z: Gold, Silver and Rare Coins Are Top Sellers on eBay, Amazon and Etsy",Out of Stock,41,4.3,"['60%', '20%', '9%', '6%', '4%']"
244,"*-fal Ultimate Hard Anodized Nonstick 12 Piece Cookware Set, Dishwasher Safe Pots and Pans Set, Black",$122.15,"19,609",4.7,"['81%', '12%', '3%', '1%', '3%']"
245,*imberland Men's White Ledge Mid Waterproof Ankle Boot,$79.95 - $213.00,"35,247",4.5,"['75%', '13%', '5%', '2%', '4%']"
246,*UEENIEKE Sports Bra Longline Padded Bra Yoga Crop Tank Tops Fitness Workout Bra for Women,$17.99 - $21.99,67,4.2,"['59%', '18%', '10%', '7%', '6%']"
247,"*aytag M400 Steam Iron, M400-SpeedHeat",$49.99,"6,003",4.5,"['72%', '16%', '6%', '2%', '4%']"
248,"*mazon Basics Electric Can Opener, Black",$17.53,"9,598",4.3,"['67%', '15%', '7%', '3%', '7%']"
249,"*GHom Steamer for Clothes Steamer, Handheld Garment Steamer 240ml Portable Clothing Steam Iron",Out of Stock,"21,733",4.5,"['71%', '16%', '7%', '2%', '4%']"
250,*arvel Cinematic Universe: Phase Two (Iron Man 3 / Thor: The Dark World / Captain America: The Winter Soldier / Guardians of the Galaxy / Avengers: Age of Ultron / Ant-Man)(Amazon Exclusive) [Blu-ray],Out of Stock,"3,708",4.8,"['90%', '5%', '2%', '0%', '2%']"
251,"*ROWNFUL Ice Maker Machine for Countertop, 9 Ice Cubes Ready in 8-10 Minutes, 26lbs Bullet Ice Cubes in 24H, Electric Ice Maker with Scoop and Basket",Out of Stock,"5,699",4.5,"['73%', '14%', '5%', '2%', '6%']"
252,*olumbia Men's PFG Bahama II Short Sleeve Shirt,$19.20 - $125.65,"13,392",4.7,"['82%', '11%', '3%', '1%', '2%']"
253,*0 Degree By Reflex Womens Seamless Cami Longline Bra - Round Neck Workout Racerback Tank Top,$16.99,32,4.1,"['60%', '13%', '12%', '8%', '8%']"
254,"*oWISE USA 1700-Watt 5.8-QT 8-in-1 Digital Air Fryer with Recipe Book, Black",$77.24,"26,782",4.6,"['80%', '12%', '4%', '2%', '3%']"
255,*he Thursday Murder Club: A Novel (A Thursday Murder Club Mystery Book 1),$15.39,"62,335",4.3,"['56%', '28%', '11%', '3%', '2%']"
256,"*uxClub 6 PC Sheet Set Bamboo Sheets Deep Pockets 18"" Eco Friendly Wrinkle Free Sheets Machine Washable Hotel Bedding Silky Soft - White Queen",$34.95,"94,100",4.5,"['72%', '14%', '7%', '3%', '4%']"
257,*CEVOG Womens Casual Scoop Neck Loose Top 3/4 Sleeve Chiffon Blouse Shirt Tops,Out of Stock,"4,711",3.9,"['51%', '16%', '13%', '7%', '12%']"
258,*OLUNSI Women’s Plus Size Short Sleeve Henley Shirt V Neck Floral Blouses Tunic Tops M-4XL,Out of Stock,"13,931",4.5,"['70%', '15%', '8%', '3%', '4%']"
259,*akeMeChic Women's Summer Crop Top Solid Short Sleeve Twist Front Tee T-Shirt,$16.99,"7,566",4,"['56%', '16%', '12%', '7%', '9%']"
260,*mazon Essentials Women's 4-Pack Slim-Fit Camisole,$27.30,"18,163",4.4,"['70%', '16%', '8%', '3%', '4%']"
261,"*hark Rotator Professional Upright Corded Bagless Vacuum for Carpet and Hard Floor with Lift-Away Hand Vacuum and Anti-Allergy Seal (NV501), White with Red Chrome",$269.99,"13,307",4.6,"['81%', '11%', '3%', '2%', '3%']"
262,*he Case of the Hot Car: A Mini Mystery Series,Out of Stock,0,0,"['0%', '0%', '0%', '0%', '0%']"
263,"*uicer Machines, ORFELD Slow Masticating Juicer Extractor Easy to Clean, Quiet Motor and Reverse Function, Cold Press Juicer Machine for Vegetable and Fruit Carrots, Oranges and Celery, etc (Silver)",$119.99,238,4.5,"['79%', '6%', '4%', '5%', '5%']"
264,"*owenta DW5080 1700-Watt Micro Steam Iron Stainless Steel Soleplate with Auto-Off, 400-Hole, Brown",Out of Stock,"18,416",4.6,"['79%', '12%', '4%', '2%', '4%']"
265,*heIn Women's Long Sleeve Scoop Neck Ruffle Trim Top Blouse Lantern Sleeve Solid Tee,$19.99,864,4.1,"['55%', '18%', '12%', '6%', '9%']"
266,"*hall Air Fryer, 13QT Air Fryer Oven, Family Rotisserie Oven, 1700W Electric Air Fryer Toaster Oven, Tilt led Digital Touchscreen, 12-in-1 Presets for Baking, Roasting, Dehydrating, with Accessories",$159.99,"1,167",4.6,"['78%', '13%', '4%', '2%', '3%']"
267,*ragonfly,$1.99,"1,239",4.6,"['75%', '17%', '5%', '1%', '2%']"
268,"*assage Gun, Handheld Electric Body Muscle Massager Deep Tissue, , High Intensity Vibration Percussion Massage Device with 7 Changeable Heads & 20 Speed",$59.99,"1,422",4.7,"['82%', '12%', '3%', '1%', '2%']"
269,"*ildan Men's Crew T-Shirts, Multipack",$15.97 - $69.99,"138,436",4.6,"['78%', '13%', '5%', '2%', '2%']"
270,"*boly Drip Coffee Maker, Programmable Coffee Maker with Thermal Carafe, 8 Cup Coffee Pot with Timer and Strength Control",$54.99,"2,834",4.3,"['66%', '14%', '7%', '5%', '8%']"
271,"*eapFrog Scout and Violet 100 Words Book (Amazon Exclusive), Purple",$19.99,"69,971",4.8,"['86%', '10%', '3%', '1%', '1%']"
272,"*amilton Beach Dual Breakfast Sandwich Maker with Timer, Silver (25490A)",$39.99,"10,936",4.6,"['79%', '11%', '5%', '2%', '3%']"
273,"*OONP King Mattress Topper, Extra Thick Mattress Pad Cover, Cooling Cotton Pillowtop 400TC Plush Top with 8-21 Inch Deep Pocket",$89.90,"13,489",4.4,"['68%', '15%', '9%', '4%', '4%']"
274,"*elf Tanner - With Organic Aloe Vera & Shea Butter, Sunless Tanning Lotion and Bronzer Buildable Light, Medium or Dark Tan for Natural Looking Fake Tan, Self Tanners Best Sellers (7.5oz)",$30.99,"14,790",4.3,"['68%', '14%', '8%', '4%', '6%']"
275,*LOOMMY Collagen & Retinol Cream - Made in USA - Collagen Anti Aging Cream for Face with Hyaluronic Acid - Day & Night Retinol Moisturizer - Anti Wrinkle Facial Cream - 1.7 oz,$19.89,"15,748",4.6,"['76%', '13%', '6%', '2%', '2%']"
276,"*imple Modern Insulated Water Bottle with Straw Lid Reusable Wide Mouth Stainless Steel Flask Thermos, 40oz (1.2L), Graphite",$23.99,"32,313",4.8,"['88%', '7%', '2%', '1%', '1%']"
277,*unning on Red Dog Road: And Other Perils of an Appalachian Childhood,Out of Stock,990,4.5,"['70%', '18%', '8%', '2%', '2%']"
278,"*amilton Beach 2-in-1 Countertop Oven and Long Slot Toaster, Stainless Steel, 60 Minute Timer and Automatic Shut Off (31156)",$84.99,"4,349",4.5,"['75%', '14%', '5%', '3%', '3%']"
279,*he Four Winds: A Novel,$14.62,"58,934",4.5,"['70%', '20%', '6%', '2%', '2%']"
280,"*YRGCIK Portable Air Conditioner Fan, Personal Air Cooler Desk Fan Mini Evaporative Air Cooler, Quiet Air Circulator Humidifier Misting Fan with Handle, 3 Speeds for Home, Office, Room",$39.99,395,4.1,"['66%', '10%', '4%', '5%', '15%']"
281,*anes Ultimate Women's ComfortBlend T-Shirt Wirefree Bra DHHU03,$16.99 - $56.99,"6,175",4.2,"['62%', '17%', '11%', '5%', '6%']"
282,"*boly Air Fryer, 6.3 Qt Airfryer with LCD Digital Screen and Temp & Time Control, 8-in-1 Hot Air Fryers Includes Cooking Tong, Recipe Book, Non-stick Coating Basket, and Grill Shelf",$79.99,"1,245",4.5,"['76%', '12%', '4%', '2%', '6%']"
283,*omen's Floral Printed Short Sleeve Henley V Neck T-Shirt Pleated Casual Flowy Tunic Blouse Tops,$32.99,"8,747",4.4,"['68%', '16%', '8%', '4%', '4%']"
284,*EASIKERY Women's Blouse Short Sleeve Floral Print T-Shirt Comfy Casual Tops for Women 002,$19.99,"1,225",4.1,"['57%', '17%', '13%', '7%', '7%']"
285,*CEVOG Womens Casual Scoop Neck Loose Top 3/4 Sleeve Chiffon Blouse Shirt Tops,$24.99,"4,711",3.9,"['51%', '16%', '13%', '7%', '12%']"
286,*AMPEEL Women's Casual T Shirts Twist Knot Tunics Tops,$17.99,"13,241",4.3,"['62%', '17%', '10%', '5%', '6%']"
287,*OLERANI Women's Casual Long Sleeve Round Neck Loose Tunic T Shirt Blouse Tops,$24.99,"13,156",4.4,"['67%', '16%', '8%', '3%', '5%']"
288,*EMOFON Women's Tops Cold Shoulder Short Sleeve Summer Casual T Shirts Tunic Top with Side Button S-2XL,$16.99,"1,448",4.3,"['64%', '17%', '9%', '5%', '5%']"
289,"*ilife Steamer for Clothes Steamer, Handheld Garment Steamer Clothing Iron 240ml Big Capacity Upgraded Version",$26.99,"44,581",4.4,"['67%', '17%', '8%', '3%', '5%']"
290,"*amilton Beach Juicer Machine, Big Mouth Large 3” Feedchute, Easy to Clean, Centrifugal, BPA Free, 800W Motor, Black",$54.99,"18,392",4.5,"['73%', '16%', '6%', '2%', '3%']"
291,*he Four Winds: A Novel,$14.62,"58,934",4.5,"['70%', '20%', '6%', '2%', '2%']"
292,"*T&T BL102-3 DECT 6.0 3-Handset Cordless Phone for Home with Answering Machine, Call Blocking, Caller ID Announcer, Audio Assist, Intercom, and Unsurpassed Range, Silver/Black",$76.33,"6,763",4.4,"['65%', '19%', '8%', '3%', '5%']"
293,"*owenta DW8080 Professional Micro Steam Iron Stainless Steel Soleplate with Auto-Off, 1700-Watt, 400-Hole, Blue",$80.97,"4,139",4.5,"['76%', '13%', '4%', '2%', '5%']"
294,*nicorn Gifts for Girls. Arts & Crafts Paint Your Own Rainbows & Awesomeness Squishies DIY Kit. Gifts for Girls Top Christmas Toys. Includes Large Slow-Rise Squishies (Unicorn Squishy Kit),$17.99,"1,711",4.6,"['74%', '15%', '7%', '2%', '2%']"
295,"*aby Wipes, Pampers Aqua Pure Sensitive Water Baby Diaper Wipes, Hypoallergenic and Unscented, 6X Pop-Top Travel Packs, 336 Count",Out of Stock,"8,403",4.8,"['89%', '7%', '2%', '1%', '1%']"
296,*urley Women's Quick Dry Reversible Maritime Surf Bikini Top,$31.82 - $65.26,3,3.5,"['63%', '0%', '0%', '0%', '37%']"
297,"*enovo Chromebook C330 2-in-1 Convertible Laptop, 11.6-Inch HD (1366 x 768) IPS Display, MediaTek MT8173C Processor, 4GB LPDDR3, 64 GB eMMC, Chrome OS, 81HY0000US, Blizzard White",$259.99,"7,715",4.5,"['76%', '13%', '5%', '2%', '5%']"
298,*cyzone Built in Bra Workout Tank Tops for Women - Open Back Strappy Athletic Yoga Tops Exercise Running Gym Shirts,$21.99 - $24.99,90,4.4,"['67%', '17%', '11%', '0%', '4%']"
299,"*ufy by Anker, BoostIQ RoboVac 11S (Slim), Robot Vacuum Cleaner, Super-Thin, 1300Pa Strong Suction, Quiet, Self-Charging Robotic Vacuum Cleaner, Cleans Hard Floors to Medium-Pile Carpets",Out of Stock,"45,353",4.5,"['70%', '16%', '6%', '3%', '4%']"
300,"*OSORI Premium Food Dehydrator Machine(50 Free Recipes), 6 Stainless Steel Trays with Digital Timer and Temperature Control for Beef,Jerky,Fruit,Dog Treats,Herbs,ETL Listed/FDA Compliant",$135.99,"7,271",4.8,"['87%', '9%', '2%', '1%', '1%']"
301,"*OSORI Air Fryer(100 Recipes), 12-in-1 Large XL Air Fryer Oven with Upgrade Customizable 10 Presets, Preheat, Shake Reminder, Digital Hot Oilless Cooker, 5.8QT, Black",$119.99,"4,123",4.8,"['86%', '9%', '2%', '1%', '2%']"
302,*ickies Women's Flat Front Stretch Twill Pant Slim Fit Bootcut,$25.89 - $39.99,"8,306",3.9,"['53%', '14%', '13%', '7%', '13%']"
303,*oad Top Retrofit Kit Decoder with Wireless CarPlay & Android Auto Mirrorlink Navigation for Mercedes Benz E Class W212 E Coupe C207 E200 E250 E300 E350 E400 E500 E550 E63 AMG 2012-2015 Year,Out of Stock,4,5,"['100%', '0%', '0%', '0%', '0%']"
304,*estisun Long Sleeve Yoga Workout Tops Lightweight Thumbhole Shirts Athletic Wear for Women,$19.99,"3,141",4.3,"['63%', '17%', '10%', '5%', '5%']"
305,"*ashion Angels Fashion Design Sketch Portfolio (11451), Sketch Book for Beginners, Fashion Sketch Pad with Stencils and Stickers For Kids 6 and Up",$7.09,"7,484",4.7,"['82%', '13%', '4%', '1%', '1%']"
306,"*ardePro A3 Trail Camera (2020) 20MP 1080P H.264 Video Game Camera with Clear 100ft No Glow Infrared Night Vision 0.1S Motion Activated for Wildlife Deer Trail Hunting, Property Security",Out of Stock,"3,098",4.4,"['69%', '18%', '6%', '2%', '5%']"
307,"*imple Modern Insulated Water Bottle with Straw Lid Reusable Wide Mouth Stainless Steel Flask Thermos, 40oz (1.2L), Graphite",$23.99,"32,313",4.8,"['88%', '7%', '2%', '1%', '1%']"
308,*ake Apart Robot Toy Vehicle Set 5 in 1 Construction Toys for 5 Year Old Boys STEM Toys Vehicles Transform into Robot for Kids Toys for 6 7 Year Old Boys Kids Building Toys,$39.80,256,4.6,"['75%', '15%', '6%', '2%', '3%']"
309,*mazon Essentials Women's 6-Pack Performance Cotton Cushioned Athletic No-Show Socks,$12.90 - $15.50,"3,017",4.5,"['74%', '13%', '7%', '3%', '2%']"
310,*he Silent Patient,$8.40,"78,580",4.5,"['68%', '20%', '8%', '2%', '2%']"
311,"*saVea Teeth Whitening Pen, 2 pens, More Than 20 Uses, Effective, Painless, No Sensitivity, Travel Friendly, Easy to Use, Beautiful White Smile, Natural Mint Flavor",$19.99,"17,594",4.4,"['70%', '14%', '9%', '3%', '4%']"
312,"*avaianas Women's Top Tiras Flip Flop Sandal, Steel Grey, 6",$16.91 - $28.50,"2,142",4.4,"['72%', '11%', '7%', '3%', '8%']"
313,*.Vomade Women's Plus Size Tops Short Sleeve Blouses Flowy Summer Tunic Tops M-4X,$38.99,"6,982",4.5,"['70%', '16%', '8%', '3%', '3%']"
314,*IYOHON Women's Tunic Tops for Leggings Casual Oversized Shirts Batwing Long Sleeve Loose Fitting Lounge Tops Tunics,$35.99,"2,607",4.1,"['59%', '16%', '11%', '6%', '9%']"
315,"*A JOLIE MUSE Scented Candles Set, Blue Lotus & Vanilla Coconut Essential Oil Stress Relief Candles for Bath Spa, Natural Soy Wax Aromatherapy Candles for Home, Candle Gift for Women, 6.5 Oz Each",$19.99,488,4.2,"['59%', '16%', '13%', '6%', '6%']"
316,"*autica Voyage By Nautica For Men Eau De Toilette Spray, 100 ml",$18.05,"54,512",4.6,"['79%', '13%', '5%', '1%', '2%']"
317,*roject Hail Mary,$15.14,"16,043",4.7,"['77%', '18%', '4%', '1%', '0%']"
318,* Long Walk to Water: Based on a True Story,$5.21,"11,671",4.7,"['84%', '11%', '3%', '1%', '1%']"
319,"*isher-Price Rattle 'n Rock Maracas, Pink/Purple [Amazon Exclusive]",$6.99,"45,033",4.6,"['79%', '11%', '6%', '2%', '2%']"
320,"*ini Drone with Camera for Kids Beginners, Foldable Pocket RC Quadcopter with App Gravity Voice Control Trajectory Flight, FPV Video, Altitude Hold, Headless Mode, 360°Flip, Toys Gifts for Boys Girls",$49.99,90,4.1,"['66%', '11%', '4%', '4%', '14%']"
321,"*OmeLabs 4,500 Sq. Ft Energy Star Dehumidifier for Extra Large Rooms and Basements",$249.97,"28,564",4.7,"['80%', '13%', '3%', '1%', '2%']"
322,*alvin Klein Women's Cotton Stretch Logo Multipack Bikini Panty,$27.49 - $59.50,"8,610",4.2,"['62%', '15%', '11%', '5%', '8%']"
323,"*reenLife Soft Grip Healthy Ceramic Nonstick, Cookware Pots and Pans Set, 16 Piece, Turquoise",Out of Stock,"7,858",4.5,"['75%', '12%', '6%', '3%', '4%']"
324,"*mazon Basics Multi-Purpose Stainless Steel Scraper/Chopper with Contoured Grip, 6-Inch",$6.86,"15,646",4.8,"['86%', '10%', '3%', '1%', '0%']"
325,*reenlights,$16.49,"40,318",4.7,"['82%', '11%', '4%', '1%', '1%']"
326,*estisun Womens Sexy Workout Tank Tops Yoga Clothes Tie Knot Athletic Gym Shirts Crop Tops,$15.98,"1,635",4.3,"['66%', '16%', '8%', '4%', '5%']"
327,"*0-in-1 Air Fryer Oven, 20 Quart Airfryer Toaster Oven Combo, 1800W Large Air Fryers, Convection Toaster Oven with Rotisserie Dehydrator, ETL Certified",$169.99,"5,725",4.6,"['79%', '14%', '3%', '1%', '3%']"
328,*omen's High Neck Tank Top Sleeveless Blouse Plain T Shirts Pocket Cami Summer Tops,$16.99 - $19.99,"2,623",4.3,"['65%', '15%', '9%', '5%', '6%']"
329,"*oover WindTunnel T-Series Tempo Bagged Upright Vacuum Cleaner with HEPA Media Filter, For Carpet and Hard Floor, UH30301, Blue",$149.99,"1,229",4.4,"['68%', '18%', '5%', '3%', '6%']"
330,*BX Active Women's Fashion Back Detail Flowy Yoga Tank Top,$17.79 - $39.99,"1,232",4.5,"['70%', '16%', '9%', '3%', '3%']"
331,*y Sister's Grave (Tracy Crosswhite Book 1),Out of Stock,"23,774",4.5,"['61%', '28%', '8%', '2%', '1%']"
332,"*hark NV360 Navigator Lift-Away Deluxe Upright Vacuum, Blue",$169.99,"18,254",4.6,"['76%', '15%', '5%', '2%', '3%']"
333,"*pple iPad Air 2, 16 GB, Space Gray, Newest Version (Renewed)",Out of Stock,"9,618",4.4,"['75%', '11%', '5%', '2%', '7%']"
334,"*mazon Basics 5-Cup (25 Oz) Coffeemaker with Glass Carafe and Reusable Filter, Black",Out of Stock,"9,711",4.4,"['69%', '15%', '7%', '3%', '5%']"
335,*each Read,$7.69,"12,292",4.4,"['57%', '27%', '11%', '3%', '2%']"
336,"*ROWNFUL Ice Maker Machine for Countertop, 9 Ice Cubes Ready in 8-10 Minutes, 26lbs Bullet Ice Cubes in 24H, Electric Ice Maker with Scoop and Basket",Out of Stock,"5,699",4.5,"['73%', '14%', '5%', '2%', '6%']"
337,*ay-Ban Women's Rb4171 Erika Round Sunglasses,Out of Stock,54,4.5,"['76%', '11%', '3%', '4%', '5%']"
338,"*D_BLACK 1TB P50-Game Drive Portable External Solid State Drive SSD, Compatible with-Playstation, Xbox, PC, & Mac, Up to 2,000 MB/s - WDBA3S0010BBK-WESN",Out of Stock,"19,475",4.8,"['88%', '9%', '2%', '0%', '2%']"
339,"*ITCHER 3.5Qt Air Fryer LED Touch Digital Screen Hot Air Fryers Oven Oilless Cooker with Temperature Control 60 Minutes Timer Non-stick Fry Basket 50 Recipes Auto Shut Off Feature, Black (KAF3001)",Out of Stock,91,4.9,"['94%', '3%', '3%', '0%', '0%']"
340,*svivid Womens Striped Printed Off The Shoulder Tops 3 4 Flared Bell Sleeve Blouses Summer Tie Knot T-Shirt,Out of Stock,"12,422",4.3,"['66%', '15%', '9%', '4%', '6%']"
341,"*atmerry White Black Placemats, Repeat Daisy On Black and White Texture Background Woven Burlap Modern Placemats for Dining Table Kitchen Table Round Table Farmhouse Wedding Outdoor Indoor Set of 4",$15.97,15,3.9,"['54%', '15%', '9%', '8%', '14%']"
342,*dibosy Women's Short Sleeve Tops Leopard Color Block T Shirt Casual Tunic Crew Neck Striped Shirts S-XXL,$17.99,"2,264",4.3,"['64%', '19%', '9%', '4%', '4%']"
343,*CEVOG Womens Casual Scoop Neck Loose Top 3/4 Sleeve Chiffon Blouse Shirt Tops,Out of Stock,"4,711",3.9,"['51%', '16%', '13%', '7%', '12%']"
344,*USMAY Womens Loose Fitting Zip Up Deep V Neck Short Sleeve Tops Tunic Casual T Shirts Blouse,Out of Stock,"3,466",4,"['54%', '19%', '13%', '6%', '8%']"
345,*AMPEEL Women's Floral Tops Short Sleeve V Neck Tee T Shirt Printed Side Split Tunic,$18.99,"12,800",4,"['53%', '18%', '14%', '7%', '9%']"
346,"*ITCHER 3.5Qt Air Fryer LED Touch Digital Screen Hot Air Fryers Oven Oilless Cooker with Temperature Control 60 Minutes Timer Non-stick Fry Basket 50 Recipes Auto Shut Off Feature, Black (KAF3001)",Out of Stock,91,4.9,"['94%', '3%', '3%', '0%', '0%']"
347,"*uWave Brio 15.5-Quart Large Capacity Air Fryer + Grill; Probe; 2 Stainless Steel Racks; Drip Tray; Rotisserie Kit; Sear, Stage, Preheat, Rotisserie",$164.99,"4,484",4.5,"['73%', '14%', '6%', '3%', '5%']"
348,"*hampion Men's Powerblend Fleece Hoodie, C Logo",$17.11 - $67.19,"35,854",4.7,"['83%', '11%', '4%', '1%', '2%']"
349,"*oSports Classic Cornhole Set – Includes 8 Bean Bags, Travel Case and Game Rules (Choice of style)",$64.99,"4,179",4.5,"['74%', '14%', '5%', '2%', '4%']"
350,*y Sister's Grave (Tracy Crosswhite Book 1),Out of Stock,"23,774",4.5,"['61%', '28%', '8%', '2%', '1%']"
351,"*oWISE USA 1700-Watt 5.8-QT 8-in-1 Digital Air Fryer with Recipe Book, Black",$77.24,"26,782",4.6,"['80%', '12%', '4%', '2%', '3%']"
352,"*uxClub 6 PC Sheet Set Bamboo Sheets Deep Pockets 18"" Eco Friendly Wrinkle Free Sheets Machine Washable Hotel Bedding Silky Soft - White Queen",$34.95,"94,100",4.5,"['72%', '14%', '7%', '3%', '4%']"
353,*ureSpa Type S1 Filter Cartridge Spa Replacement Cartridges 12 Pack U.S Top Seller!,Out of Stock,232,4.7,"['81%', '12%', '5%', '0%', '3%']"
354,*omen's High Neck Tank Top Sleeveless Blouse Plain T Shirts Pocket Cami Summer Tops,$16.99 - $19.99,"2,623",4.3,"['65%', '15%', '9%', '5%', '6%']"
355,*uisinart CBW-201 Steel Stainless Butter Wheel,$20.13,"2,993",4.6,"['75%', '14%', '6%', '2%', '2%']"
356,*xtreme Ownership: How U.S. Navy SEALs Lead and Win,$13.08,"18,516",4.8,"['87%', '8%', '3%', '1%', '1%']"
357,"*nfantino Flip Advanced 4-in-1 Carrier - Ergonomic, convertible, face-in and face-out front and back carry for newborns and older babies 8-32 lbs",$26.99,"31,740",4.6,"['78%', '13%', '5%', '2%', '2%']"
358,"*hefman 6.3 Quart Digital Air Fryer+ Rotisserie, Dehydrator, Convection Oven, 8 Touch Screen Presets Fry, Roast, Dehydrate & Bake, BPA-Free, Auto Shutoff, Accessories Included, XL Family Size, Black",$105.99,"6,268",4.5,"['76%', '12%', '5%', '2%', '5%']"
359,"*boly Drip Coffee Maker, Programmable Coffee Maker with Thermal Carafe, 8 Cup Coffee Pot with Timer and Strength Control",$54.99,"2,834",4.3,"['66%', '14%', '7%', '5%', '8%']"
360,"*oWISE USA 5.0-Quart 1500-Watt Digital Air Fryer with 8 Presets, GW22821-S + 50 Recipes (Black)",$59.73,"1,760",4.6,"['80%', '13%', '3%', '1%', '3%']"
361,"*erschel Little America Laptop Backpack, Black/Black, Classic 25.0L",Out of Stock,"6,397",4.7,"['85%', '9%', '2%', '1%', '2%']"
362,"*indi Kids Snack Time Friends - Pre-School Play Doll, Marsha Mello - for Ages 3+ | Changeable Clothes and Removable Shoes - Fun Snack-Time Play, for Imaginative Kids",$16.24,"8,148",4.8,"['85%', '10%', '3%', '1%', '1%']"
363,"*estcott 8"" Titanium Bonded Scissors",$6.99,"16,842",4.8,"['85%', '10%', '3%', '1%', '1%']"
364,*WOLLENCE Womens Waffle Knit Tunic Blouse Tie Knot Henley Tops Loose Fitting Bat Wing Plain Shirts,$23.99,"31,478",4.4,"['66%', '17%', '9%', '4%', '5%']"
365,*OLERANI Women's Casual Short Sleeve Round Neck Loose Tunic T Shirt Blouse Tops,$39.99,"3,140",4.4,"['68%', '15%', '9%', '4%', '4%']"
366,*OLERANI Women's Casual Long Sleeve Round Neck Loose Tunic T Shirt Blouse Tops,Out of Stock,"13,156",4.4,"['67%', '16%', '8%', '3%', '5%']"
367,*MJL Women's Casual Cute Shirts Leopard Print Tops Basic Summer Short Sleeve Fashion Soft Blouse Loose Fit Tshirt,Out of Stock,"14,336",4.3,"['63%', '17%', '11%', '4%', '5%']"
368,*ingerlily Women's Summer Short Sleeve T Shirts Casual Crew Neck Tee with Lace Loose Fitting Tops,Out of Stock,303,4.1,"['54%', '19%', '15%', '5%', '7%']"
